Time,V1,V2,V3,V4,V5,Amount,Class
0,-1.3598071336738,-0.0727811733098497,2.53634673796914,1.37815522427443,-0.338320769942518,149.62,0
1,1.19185711131486,0.26615071205963,0.16648011335321,0.448154078460911,0.0600176492822243,2.69,0
2,-1.35835406159788,-1.34016307473609,1.77320934263119,0.379779593034508,-0.503198133318193,378.66,0
3,-0.966271711572087,-0.185226008082898,1.79299333957872,-0.863291275036125,-0.0103088796030823,123.5,0
4,-1.15823309349523,0.877736754848451,1.548717846511,0.403033933955121,-0.407193377311653,69.99,1
